排名,代號,名稱,成交,漲跌價,漲跌幅,法人買賣日期,當日買賣超佔發行張數,2日買賣超佔發行張數,3日買賣超佔發行張數,5日買賣超佔發行張數,10日買賣超佔發行張數,1個月買賣超佔發行張數,3個月買賣超佔發行張數,半年買賣超佔發行張數,1年買賣超佔發行張數,3年買賣超佔發行張數,10年買賣超佔發行張數,今年買賣超佔發行張數
1,6278,台表科,226,+20.5,+9.98,05/14,+1.27,+1.34,+1.32,+2.74,+1.83,-2.31,-3.76,-6.98,-11.7,+12.2,+12.3,-6.57
2,6531,愛普*,1050,+10,+0.96,05/14,+0.74,+1.51,+1.49,+1.49,+1.55,+2.09,+2.4,+1.91,+2.51,+0.03,,+0.96
3,8069,元太,226,+11,+5.12,05/14,+0.7,+0.72,+0.8,+0.8,+0.8,+0.83,+0.87,+0.86,+0.57,+1.18,+1.07,+1.2
4,1582,信錦,97.8,+5.8,+6.3,05/14,+0.59,+1.05,+1.04,+1.32,+1.31,+0.48,+1.47,+1.06,-0.48,+1.6,+1.58,+1.45
5,5439,高技,411,+37,+9.89,05/14,+0.54,+0.54,+0.63,+0.77,+1.78,+3.46,+3.08,+9.47,+11.6,+8.47,+11.7,+4.96
6,7734,印能科技,3940,-435,-9.94,05/14,+0.45,+0.84,+0.84,+0.84,+0.8,+3.68,+5.22,+4.98,+4.99,,,+5.05
7,8996,高力,1065,+40,+3.9,05/14,+0.37,+0.17,+0.72,+1.01,+0.76,+1.47,+1.58,+0.83,+2.23,+2.39,+3.58,+2.32
8,2344,華邦電,134,+12,+9.84,05/14,+0.36,+0.56,+0.73,+0.8,+1.16,+0.26,+1.53,+2.32,+6.01,+5.2,+6.06,+2.57
9,6831,邁科,722,+34,+4.94,05/14,+0.36,+0.75,+0.75,+0.76,+0.78,+0.57,+0.48,,,,,-0.21
10,3081,聯亞,2945,+110,+3.88,05/14,+0.34,+0.19,+0.27,+0.22,+0.22,-2.41,+1.79,+6.16,+9.12,+16,+13,+4.27
11,5289,宜鼎,1865,+100,+5.67,05/14,+0.34,+0.14,+0.01,+0.58,+1.69,+2.18,+2.48,+1.98,-0.19,+1.33,+3.36,+4.73
12,4966,譜瑞-KY,819,+10,+1.24,05/14,+0.34,+1.72,+4.82,+6.4,+6.77,+5.96,+5.58,+8.72,+10.4,+4.86,+0.54,+7.03
13,6715,嘉基,487,+19,+4.06,05/14,+0.33,+0.33,+0.33,+1.1,+2.11,+3.27,+5.8,+5.8,+5.8,+4.9,,+5.8
14,3090,日電貿,129.5,+7,+5.71,05/14,+0.32,+0.31,+0.31,+0.31,+0.09,+0.08,-0.76,-0.44,+2.32,+3.56,+3.5,-2.6
15,3583,辛耘,929,-37,-3.83,05/14,+0.32,+0.49,+0.61,+0.85,+2.9,+2.78,+4.15,+4.08,+4.08,+4.56,-1.32,+4.15
16,8112,至上,84.5,+2.3,+2.8,05/14,+0.32,+0.31,+0.3,+0.16,-0.22,-2.11,-2.68,-2.63,-2.39,-2.11,-2.11,-4.37
17,6510,精測,4150,+375,+9.93,05/14,+0.31,-0.03,+0.38,+0.46,-0.46,+1.83,-2.66,+2.49,+4.59,+14.5,+9.69,+0.79
18,3227,原相,228,+5,+2.24,05/14,+0.3,+0.31,+0.31,+0.29,+0.19,-1.08,-1.24,-2.68,-1.57,+7.73,+7.83,-2.05
19,6515,穎崴,10540,+665,+6.73,05/14,+0.29,+0.08,+0.07,+0.08,-0.01,+0.75,+0.62,+5.24,+10.2,+5.26,,+2.91
20,7749,意騰-KY,500,+12,+2.46,05/14,+0.27,+0.28,+0.28,+0.28,+0.29,+0.28,+0.25,+0.09,,,,+0.31
21,8028,昇陽半導體,261.5,+23.5,+9.87,05/14,+0.27,+0.27,+0.27,+0.27,+0.99,+1.18,+1.16,+0.36,+1.11,+1.16,,+1.59
22,5536,聖暉*,1010,+60,+6.32,05/14,+0.27,+0.38,+0.34,+0.26,-0.08,-1.28,-0.28,+0.69,+4.79,+7.9,+7.78,-2.62
23,3008,大立光,3135,+285,+10,05/14,+0.24,+0.25,+0.37,+0.35,+0.3,-0.36,-0.81,+1.33,+0.88,+0.93,+0.88,-0.07
24,3037,欣興,881,-11,-1.23,05/14,+0.23,+0.31,+0.46,+0.39,+0.49,+0.1,+3.05,+6.68,+8.13,+4.48,+9.83,+6.19
25,6782,視陽,190,+2,+1.06,05/14,+0.19,+0.2,+0.2,+0.24,+0.24,+0.17,+0.37,-0.08,+0.38,-3.01,,+0.29
26,4746,台耀,53.1,+0.2,+0.38,05/14,+0.18,+0.18,+0.2,+0.43,+1.29,+1.68,+1.68,+1.68,+1.68,+0.96,-4.13,+1.68
27,8210,勤誠,1460,-60,-3.95,05/14,+0.17,+0.78,+1.09,+2.6,+3.99,+4.89,+0.55,+2.98,+4.21,+4.89,+3.63,+2.7
28,2368,金像電,1430,+80,+5.93,05/14,+0.17,+0.06,+0.2,+0.13,+0.16,+0.69,+3.1,+1.59,+4.02,+5.7,+14.1,-0.02
29,4749,新應材,1120,-10,-0.88,05/14,+0.16,+0.42,+0.39,+0.46,-0.62,-0.98,-1.92,-0.86,+1.64,,,-1.15
30,2345,智邦,2675,+240,+9.86,05/14,+0.14,+0.17,+0.25,+0.31,+0.35,+0.74,+1.43,+1.62,+0.1,+3.15,-1.87,+0.95
31,6146,耕興,220,+5,+2.33,05/14,+0.14,+0.14,+0.14,+0.14,+0.24,+0.25,+0.37,+0.37,+0.15,-3.62,-0.34,+0.37
32,9958,世紀鋼,110,+5.5,+5.26,05/14,+0.12,+0.1,+0.1,+0.1,+0.1,+0.13,+0.12,+0.12,-0.5,+0.12,+0.13,+0.1
33,2408,南亞科,341,+20,+6.23,05/14,+0.12,+0.22,+0.31,+0.49,+1.28,+1.12,-0.87,+0.83,+2.19,-1,+2.92,-0.44
34,2472,立隆電,231.5,-2,-0.86,05/14,+0.1,+0.11,+0.1,+1.19,+1.26,+1.7,+1.5,+1.65,+1.05,+2.26,+2.74,-0.19
35,4958,臻鼎-KY,436.5,-6,-1.36,05/14,+0.09,+0.21,+0.3,+0.33,+0.43,+1.93,+2.21,+1.88,+0.61,-0.06,+3.3,+1.78
36,3624,光頡,73.2,+6.6,+9.91,05/14,+0.08,+0.57,+0.57,+0.57,+0.57,+0.57,+0.57,+0.57,+0.57,-9.7,+0.54,+0.57
37,6415,矽力*-KY,503,+35.5,+7.59,05/14,+0.08,+0.11,+0.2,+0.31,+0.28,+1.23,+0.98,+2.2,+0.97,0,-1.22,+2.21
38,2481,強茂,115.5,-5.5,-4.55,05/14,+0.08,+0.7,+0.93,+0.88,+0.6,+1.25,-3.05,-4.09,+2.66,+3.69,+0.69,-3.97
39,3017,奇鋐,2555,-30,-1.16,05/14,+0.08,+0.43,+0.63,+0.84,-0.44,+0.13,+1.41,-1.25,+1.17,-10.4,+4.65,-0.94
40,6830,汎銓,727,-19,-2.55,05/14,+0.08,+0.06,+0.01,+0.01,+0.16,+0.51,+2.12,+0.58,+0.58,+0.82,,+0.78
41,3661,世芯-KY,4830,+50,+1.05,05/14,+0.08,-0.1,0,+0.15,+0.12,+1.78,+0.39,-0.16,+0.19,-8.3,+7.35,+1.12
42,1215,卜蜂,138.5,+3,+2.21,05/14,+0.07,+0.08,+0.08,+0.09,-0.02,-0.38,+0.14,+5.6,+4.31,+8.98,+7.31,+0.81
43,9939,宏全,121,+2,+1.68,05/14,+0.07,+0.05,+0.03,+0.01,+0.08,-0.17,-0.25,-0.2,-0.3,+0.15,-0.19,-0.4
44,4105,東洋,76,+0.4,+0.53,05/14,+0.07,+0.07,+0.08,+0.17,+0.69,+0.84,+0.83,+0.78,+0.7,+0.58,-7.25,+0.82
45,5534,長虹,76.6,-0.5,-0.65,05/14,+0.06,+0.06,+0.17,+0.25,+0.59,+0.72,+0.69,+0.7,-0.08,+0.69,-0.22,+0.7
46,5347,世界,175,+7,+4.17,05/14,+0.06,-0.03,+0.07,+0.24,+0.33,-0.96,-2.13,-7.14,-12.3,+8.34,+9.45,-5.46
47,6442,光聖,1855,+50,+2.77,05/14,+0.05,-0.68,-1.18,-1.99,-2.21,-5.72,-3.83,-2.18,+1.15,+5.39,+5.39,-3.98
48,2383,台光電,4920,-10,-0.2,05/14,+0.05,+0.12,+0.2,+0.23,+0.4,+0.57,+1.59,+2.12,-3.42,+0.49,+4.3,+0.96
49,3004,豐達科,117,+2.5,+2.18,05/14,+0.05,+0.05,+0.05,+0.05,+0.05,+0.05,+0.09,-2.15,+0.68,+0.57,-1.1,+0.19
50,6770,力積電,62.2,+1.7,+2.81,05/14,+0.04,+0.05,+0.05,+0.06,+0.06,+0.04,-0.11,+0.23,+0.26,-0.76,,-0.11
51,2347,聯強,83.3,+0.2,+0.24,05/14,+0.04,+0.02,-0.01,-0.05,-0.19,+0.04,+0.08,-5.12,-6.91,-5.15,+1.45,-1.42
52,2303,聯電,108,+9.6,+9.76,05/14,+0.04,+0.19,+0.26,+0.3,+0.45,+0.81,+0.93,-1.9,-2.81,+13.5,+16.6,-0.01
53,2204,中華,52.2,-0.7,-1.32,05/14,+0.04,+0.04,+0.04,+0.09,+0.34,+0.39,+0.29,-0.19,-1.23,-4.95,+1.36,-0.03
54,3264,欣銓,229,-1,-0.43,05/14,+0.04,+0.05,-0.02,-0.03,+0.61,+0.99,+1.72,+9.8,+1.22,+19.6,+19.4,+7.77
55,2049,上銀,374.5,+10,+2.74,05/14,+0.03,+0.08,+0.24,+0.28,+0.11,+0.13,-0.11,+0.15,-1.03,-2.13,+0.31,+0.21
56,8155,博智,418.5,-5.5,-1.3,05/14,+0.03,+0.12,+0.19,+0.68,+2.69,+3.91,+3.59,+3.94,+3.53,+0.31,+3.88,+3.76
57,2313,華通,245.5,+8.5,+3.59,05/14,+0.03,-0.08,+0.16,+0.24,+0.44,-1.27,-0.35,+2.38,+1.45,+1.19,+2.85,+1.97
58,6669,緯穎,5435,-145,-2.6,05/14,+0.03,+0.27,+0.82,+1.45,+1.83,+4.04,+3.28,+2.01,+1.9,+4.31,,+1.59
59,2337,旺宏,169,+1,+0.6,05/14,+0.03,+0.5,+0.19,+0.38,+0.27,-1.5,-1.85,+1.39,+2.88,-1.66,+6.47,+0.35
60,9907,統一實,16.4,-0.05,-0.3,05/14,+0.03,+0.01,0,+0.02,+0.2,+0.07,-0.05,+0.01,+0.16,+0.06,+0.07,+0.16
61,5274,信驊,17810,-10,-0.06,05/14,+0.03,0,+0.15,+0.19,+0.56,+0.72,+2,+5.51,+5.53,+1.96,-1.65,+3.13
62,1605,華新,35.6,+0.4,+1.14,05/14,+0.03,+0.05,+0.08,+0.08,+0.06,+0.01,-0.37,-0.7,-0.17,-3.55,-4.18,-0.79
63,3529,力旺,3920,0,0,05/14,+0.02,-0.23,-0.13,-0.01,-0.09,+0.47,+1.3,+1.21,-0.26,-1.45,+6.13,+2.16
64,2330,台積電,2270,+50,+2.25,05/14,+0.02,+0.04,+0.08,+0.08,+0.11,+0.14,+0.2,+0.32,+0.31,+0.53,+0.86,+0.26
65,00935,野村臺灣新科技50,54.7,+0.4,+0.74,05/14,+0.02,+0.06,+0.09,+0.17,+0.27,+0.13,-3.72,+3.02,+3.02,,,+3.02
66,2727,王品,237,+1,+0.42,05/14,+0.02,+0.02,+0.03,-0.01,+0.24,+0.37,+0.47,+0.4,-2.07,-3.35,+0.56,+0.4
67,4904,遠傳,98.1,+1.2,+1.24,05/14,+0.02,+0.03,+0.01,+0.03,-0.21,-0.19,-0.49,-1.45,-5.56,+4.01,+7.1,-0.79
68,2376,技嘉,327,+13.5,+4.31,05/14,+0.02,+0.02,+0.02,0,-0.17,-0.59,-0.45,-0.41,-3.11,-3.69,-2.7,-0.4
69,1785,光洋科,149,-5,-3.25,05/14,+0.02,+0.03,+0.03,+0.05,+0.19,+0.22,+0.2,+1.46,+1.38,+1.51,+1.46,+0.21
70,3045,台灣大,115,+3,+2.68,05/14,+0.02,0,-0.02,-0.04,-0.13,-0.17,-0.39,+3.25,-1.12,+7.12,+9.64,-0.75
71,1560,中砂,650,+17,+2.69,05/14,+0.01,+0.02,+0.08,+0.12,+0.37,-0.54,-2.7,-2.27,-3.31,+2.13,+2.99,-3.46
72,6139,亞翔,720,+34,+4.96,05/14,+0.01,+0.02,-0.27,-0.25,-0.17,-0.91,-1.38,-1.19,-0.5,+2.37,+2.44,-0.53
73,2467,志聖,610,-16,-2.56,05/14,+0.01,+0.02,+0.01,+0.01,-0.53,-0.47,+1.04,+1.75,+1.76,+2.02,+2.02,+1.36
74,3044,健鼎,512,-17,-3.21,05/14,+0.01,-0.02,+0.02,+0.04,+0.17,-0.33,-0.83,-6.49,-9.39,+1.31,+3.06,-2.51
75,3030,德律,402.5,-11.5,-2.78,05/14,+0.01,+0.01,+0.01,+0.02,+0.06,-0.2,+0.27,-6.41,+0.55,+0.54,+0.59,+0.43
76,5904,寶雅,553,-9,-1.6,05/14,0,+0.01,0,0,-0.04,-0.07,+0.12,+0.41,-10.2,-0.96,-0.43,+0.37
77,7750,新代,2745,-20,-0.72,05/14,0,+0.01,+0.01,+0.01,+0.09,+0.18,+0.27,+0.22,,,,+0.25
78,6679,鈺太,315,-5,-1.56,05/14,0,0,+0.03,+0.06,+0.1,+0.15,+0.57,+0.73,+0.94,-11.8,,+0.59
79,6488,環球晶,788,+38,+5.07,05/14,0,+0.02,+0.02,+0.11,+0.88,+1.47,+1.71,+5.48,+3.14,+5.68,+5.83,+5
80,0050,元大台灣50,96.05,+0.55,+0.58,05/14,0,0,0,+0.02,+0.08,+0.1,+0.44,+0.82,+0.75,+1.14,+1.53,+0.67
81,00795B,中信美國公債20年,26.83,-0.04,-0.15,05/14,0,0,0,0,0,0,0,0,-0.01,+0.01,,0
82,5269,祥碩,1465,+35,+2.45,05/14,0,+0.01,+0.22,+0.37,+0.4,+0.33,+0.09,+0.66,-8.77,-4.75,+0.18,+0.57
83,00687B,國泰20年美債,27.62,-0.02,-0.07,05/14,0,0,0,0,0,0,0,0,-0.25,+0.02,,0
84,00679B,元大美債20年,26.58,-0.02,-0.08,05/14,0,0,0,0,0,0,0,0,-0.19,0,,0
85,2371,大同,29,-1,-3.33,05/14,0,0,0,+0.01,+0.01,-0.01,+0.02,-3.69,-0.44,+0.37,+0.33,-0.49
86,2542,興富發,43.15,+0.45,+1.05,05/14,0,0,0,0,0,-0.7,-0.79,-1.53,-0.33,-3.54,-4.08,-1.17
87,3028,增你強,78.8,+5.5,+7.5,05/14,0,0,0,0,0,0,0,0,0,-0.02,-0.02,0
88,3374,精材,259.5,+22.5,+9.49,05/14,0,0,+0.18,+0.18,+0.22,+0.03,-0.99,+0.65,+0.44,-1.38,-1.17,+0.66
89,6789,采鈺,573,-10,-1.72,05/14,0,0,0,0,+0.07,+0.06,+0.22,+0.36,+0.53,+0.6,,+0.32
90,2609,陽明,48.6,-0.65,-1.32,05/14,0,0,0,0,0,-0.04,-0.1,-3.53,+0.3,+4.68,+4.04,-0.39
91,3481,群創,35.4,-2.1,-5.6,05/14,0,+0.01,+0.01,+0.05,+0.04,-0.38,-0.36,+0.23,-0.52,-0.21,-2.02,+0.11
92,00400A,主動國泰動能高息,13.79,-0.16,-1.15,05/14,0,0,0,0,0,0,,,,,,
93,00401A,主動摩根台灣鑫收,12.78,-0.03,-0.23,05/14,0,0,0,0,0,0,,,,,,
94,00403A,主動統一升級50,10.24,+0.06,+0.59,05/14,0,0,0,,,,,,,,,
95,0051,元大中型100,132.45,-1.3,-0.97,05/14,0,0,0,0,0,0,0,0,0,0,0,0
96,0053,元大電子,223.8,+2.4,+1.08,05/14,0,0,0,0,0,0,0,0,0,0,0,0
97,0055,元大MSCI金融,33.66,-0.09,-0.27,05/14,0,0,0,0,0,0,0,0,-0.29,0,0,0
98,0056,元大高股息,45.15,0,0,05/14,0,0,0,+0.01,+0.02,+0.03,+0.05,+0.06,+0.04,+0.08,+0.78,+0.05
99,0057,富邦摩台,287.1,-6.2,-2.11,05/14,0,0,0,0,0,0,0,0,0,0,0,0
100,0061,元大寶滬深,25.34,-0.08,-0.31,05/14,0,0,0,0,0,0,0,-1.15,-1.15,-1.15,-11.6,-1.15
101,006203,元大MSCI台灣,175.15,+1,+0.57,05/14,0,0,0,0,0,0,0,0,0,0,0,0
102,006204,永豐臺灣加權,208.4,+2.3,+1.12,05/14,0,0,0,0,0,0,0,0,0,0,0,0
103,006205,富邦上証,42.02,-0.28,-0.66,05/14,0,0,0,0,0,0,-0.67,-0.67,-0.67,-2.64,-52.7,-0.67
104,006206,元大上證50,38.04,-0.11,-0.29,05/14,0,0,0,0,0,0,0,0,0,0,-1.85,0
105,006207,復華滬深,34.04,-0.08,-0.23,05/14,0,0,0,0,0,0,0,0,0,0,+1.61,0
106,006208,富邦台50,222.5,+1.3,+0.59,05/14,0,0,0,0,0,0,-0.02,-0.02,+0.19,+0.46,+0.49,-0.03
107,00625K,富邦上証+R,9.07,0,0,05/14,0,0,0,0,0,0,0,0,0,0,,0
108,00631L,元大台灣50正2,31.96,+0.11,+0.35,05/14,0,0,0,0,0,-0.04,-0.22,-0.2,-0.2,-0.2,-0.21,-0.2
109,00632R,元大台灣50反1,11.32,+0.01,+0.09,05/14,0,0,0,0,0,-0.06,-0.06,0,0,0,-0.18,-0.06
110,00633L,富邦上証正2,54.15,-0.25,-0.46,05/14,0,0,0,0,0,0,0,0,0,0,0,0
111,00634R,富邦上証反1,3.02,+0.01,+0.33,05/14,0,0,0,0,0,0,0,0,0,0,-1.61,0
112,00635U,期元大S&P黃金,49.22,-0.04,-0.08,05/14,0,0,0,0,0,0,0,0,-0.86,0,0,0
113,00636,國泰中國A50,29.07,-0.06,-0.21,05/14,0,0,0,0,0,0,0,0,-0.14,+0.85,+0.62,0
114,00636K,國泰中國A50+U,9.23,-0.03,-0.32,05/14,0,0,0,0,0,0,0,0,0,0,,0
115,00637L,元大滬深300正2,22.33,-0.13,-0.58,05/14,0,0,0,0,0,0,0,0,-0.02,-0.61,-0.06,0
116,00638R,元大滬深300反1,6.45,0,0,05/14,0,0,0,0,0,0,0,0,0,0,0,0
117,00639,富邦深100,18.15,+0.02,+0.11,05/14,0,0,0,0,0,0,0,0,-0.36,-0.36,-0.47,0
118,00640L,富邦日本正2,99.15,-1.75,-1.73,05/14,0,0,0,0,0,0,0,0,0,0,0,0
119,00641R,富邦日本反1,3.9,+0.02,+0.52,05/14,0,0,0,0,0,0,0,0,0,0,0,0
120,00642U,期元大S&P石油,30.69,+0.11,+0.36,05/14,0,0,0,0,0,0,0,0,0,0,-0.23,0
121,00643,群益深証中小,20.61,-0.25,-1.2,05/14,0,0,0,0,0,0,0,0,0,0,-1.7,0
122,00643K,群益深証中小+R,4.43,0,0,05/14,0,0,0,0,0,0,0,0,0,0,,0
123,00645,富邦日本,54.75,-0.4,-0.73,05/14,0,0,0,0,0,0,0,0,0,+0.39,+0.31,0
124,00646,元大S&P500,73.85,+0.35,+0.48,05/14,0,+0.01,+0.01,+0.01,+0.04,+0.06,+0.41,+0.55,+0.23,+0.23,+0.23,+0.58
125,00647L,元大S&P500正2,133.15,+1.25,+0.95,05/14,0,0,0,0,0,0,0,0,0,0,0,0
126,00648R,元大S&P500反1,4.02,-0.02,-0.5,05/14,0,0,0,0,0,0,0,0,0,0,0,0
127,00650L,復華香港正2,18.34,+0.22,+1.21,05/14,0,0,0,0,0,0,0,0,0,0,0,0
128,00651R,復華香港反1,5.08,-0.03,-0.59,05/14,0,0,0,0,0,0,0,0,0,0,0,0
129,00652,富邦印度,31.96,+0.04,+0.13,05/14,0,0,0,0,0,0,0,0,0,-0.35,0,0
130,00653L,富邦印度正2,44.39,+0.11,+0.25,05/14,0,0,0,0,0,0,0,0,0,-0.11,0,0
131,00654R,富邦印度反1,6.94,0,0,05/14,0,0,0,0,0,0,0,0,0,0,0,0
132,00655L,國泰中國A50正2,37.74,-0.15,-0.4,05/14,0,0,0,0,0,0,0,0,0,-0.14,-0.14,0
133,00656R,國泰中國A50反1,5.75,+0.06,+1.05,05/14,0,0,0,0,0,0,0,0,0,0,0,0
134,00657,國泰日經225,74.1,-0.5,-0.67,05/14,0,0,0,0,0,0,0,0,0,0,0,0
135,00657K,國泰日經225+U,23.77,+0.12,+0.51,05/14,0,0,0,0,0,0,0,0,0,0,,0
136,00660,元大歐洲50,42.7,+0.06,+0.14,05/14,0,0,0,0,0,0,0,0,0,0,,0
137,00661,元大日經225,81.2,-0.45,-0.55,05/14,0,0,0,0,0,0,0,0,0,0,,0
138,00662,富邦NASDAQ,119.45,+1.1,+0.93,05/14,0,0,0,0,-0.01,-0.05,-0.05,+0.03,+0.03,+0.03,,-0.05
139,00663L,國泰臺灣加權正2,92.05,+1.05,+1.15,05/14,0,0,0,0,0,0,0,0,0,0,,0
140,00664R,國泰臺灣加權反1,1.82,-0.01,-0.55,05/14,0,0,0,0,0,0,0,0,0,0,,0
141,00665L,富邦恒生國企正2,10.39,+0.05,+0.48,05/14,0,0,0,0,0,0,0,0,0,0,,0
142,00666R,富邦恒生國企反1,8.75,-0.02,-0.23,05/14,0,0,0,0,0,0,0,0,0,0,,0
143,00668,國泰美國道瓊,57.3,+0.1,+0.17,05/14,0,0,0,0,0,0,0,0,0,0,,0
144,00668K,國泰美國道瓊+U,18.16,-0.02,-0.11,05/14,0,0,0,0,0,0,0,0,0,0,,0
145,00669R,國泰美國道瓊反1,5.51,-0.01,-0.18,05/14,0,0,0,0,0,0,0,0,0,0,,0
146,00670L,富邦NASDAQ正2,208.85,+3.85,+1.88,05/14,0,0,0,0,0,0,0,0,0,0,,0
147,00671R,富邦NASDAQ反1,2.45,-0.03,-1.21,05/14,0,0,0,0,0,0,0,0,0,0,,0
148,00673R,期元大S&P原油反1,11.97,-0.06,-0.5,05/14,0,0,0,0,0,0,0,0,0,0,,0
149,00674R,期元大S&P黃金反1,26.3,0,0,05/14,0,0,0,0,0,0,0,0,0,0,,0
150,00675L,富邦臺灣加權正2,278.4,+2.2,+0.8,05/14,0,0,0,0,0,0,0,0,0,0,,0
151,00676R,富邦臺灣加權反1,6.21,-0.02,-0.32,05/14,0,0,0,0,0,0,0,0,0,0,,0
152,00678,群益那斯達克生技,36.33,-0.1,-0.27,05/14,0,0,0,0,0,0,0,0,0,0,,0
153,00680L,元大美債20正2,6.8,-0.03,-0.44,05/14,0,0,0,0,0,0,0,0,0,-0.31,,0
154,00681R,元大美債20反1,21.26,+0.05,+0.24,05/14,0,0,0,0,0,0,0,0,0,0,,0
155,00682U,期元大美元指數,20.23,0,0,05/14,0,0,0,0,0,0,0,0,0,0,,0
156,00683L,期元大美元指正2,20.95,+0.15,+0.72,05/14,0,0,0,0,0,0,0,0,0,0,,0
157,00684R,期元大美元指反1,15.34,-0.05,-0.32,05/14,0,0,0,0,0,0,0,0,0,0,,0
158,00685L,群益臺灣加權正2,251.85,+2.55,+1.02,05/14,0,0,0,0,0,0,0,0,0,0,,0
159,00686R,群益臺灣加權反1,1.12,+0.01,+0.9,05/14,0,0,0,0,0,0,0,0,0,0,,0
160,00687C,國泰20年美債+櫃U,9.24,-0.03,-0.32,05/14,0,0,0,0,0,0,0,0,0,,,0
161,00688L,國泰20年美債正2,6.78,-0.03,-0.44,05/14,0,0,0,0,0,0,0,0,0,0,,0
162,00689R,國泰20年美債反1,22.15,+0.06,+0.27,05/14,0,0,0,0,0,0,0,0,0,0,,0
163,00690,兆豐藍籌30,73.5,+0.3,+0.41,05/14,0,0,0,0,0,0,0,0,0,0,,0
164,00692,富邦公司治理,83.8,+0.35,+0.42,05/14,0,0,0,0,0,+0.02,+0.02,+0.02,+0.02,+0.02,,+0.02
165,00693U,期街口S&P黃豆,22.72,-0.04,-0.18,05/14,0,0,0,0,0,0,0,0,0,0,,0
166,00694B,富邦美債1-3,41.5,+0.02,+0.05,05/14,0,0,0,0,0,0,0,+0.29,+0.14,-2.37,,+0.07
167,00695B,富邦美債7-10,35,-0.03,-0.09,05/14,0,0,0,0,0,0,0,0,0,0,,0
168,00696B,富邦美債20年,28.66,-0.04,-0.14,05/14,0,0,0,0,0,0,0,0,0,0,,0
169,00697B,元大美債7-10,35.52,-0.01,-0.03,05/14,0,0,0,0,0,0,0,0,0,0,,0
170,00700,富邦恒生國企,17.9,+0.06,+0.34,05/14,0,0,0,0,0,0,0,0,0,-1.35,,0
171,00701,國泰股利精選30,31.84,+0.35,+1.11,05/14,0,0,0,0,0,0,0,0,-5.96,+0.13,,0
172,00702,國泰標普低波高息,23.77,-0.03,-0.13,05/14,0,0,0,0,0,0,0,0,0,0,,0
173,00703,台新MSCI中國,20.65,0,0,05/14,0,0,0,0,0,0,0,0,0,0,,0
174,00706L,期元大S&P日圓正2,19.58,-0.07,-0.36,05/14,0,0,0,0,0,0,0,0,0,0,,0
175,00707R,期元大S&P日圓反1,31.65,-0.03,-0.09,05/14,0,0,0,0,0,0,0,0,0,0,,0
176,00708L,期元大S&P黃金正2,97.4,-0.2,-0.2,05/14,0,0,0,0,0,-0.07,0,-0.51,+0.37,+0.37,,-0.37
177,00709,富邦歐洲,38.33,+0.01,+0.03,05/14,0,0,0,0,0,0,0,0,0,0,,0
178,00710B,復華彭博非投等債,18.86,+0.02,+0.11,05/14,0,0,0,0,0,0,0,+0.55,+0.55,+0.46,,-0.05
179,00711B,復華彭博新興債,15.99,-0.03,-0.19,05/14,0,0,0,0,0,0,0,0,0,0,,0
180,00712,復華富時不動產,8.89,-0.05,-0.56,05/14,0,0,0,0,0,0,0,0,-0.1,0,,0
181,00713,元大台灣高息低波,55.55,+0.4,+0.73,05/14,0,0,0,+0.01,0,+0.05,+0.04,-0.13,-1.06,+0.15,,-0.04
182,00714,群益道瓊美國地產,21.43,-0.23,-1.06,05/14,0,0,0,0,0,0,0,0,0,0,,0
183,00715L,期街口布蘭特正2,63.75,-0.1,-0.16,05/14,0,0,0,0,0,0,0,0,0,0,,0
184,00717,富邦美國特別股,15.22,+0.02,+0.13,05/14,0,0,0,0,0,0,0,0,0,0,,0
185,00719B,元大美債1-3,30.88,+0.03,+0.1,05/14,0,0,0,0,0,0,0,-0.1,-1.21,-0.53,,-0.33
186,00720B,元大投資級公司債,32.79,+0.03,+0.09,05/14,0,0,0,0,0,0,0,0,0,0,,0
187,00722B,群益投資級電信債,35.75,+0.05,+0.14,05/14,0,0,0,0,0,0,0,0,-0.05,-0.05,,0
188,00723B,群益投資級科技債,30.59,+0.02,+0.07,05/14,0,0,0,0,0,0,0,0,0,0,,0
189,00724B,群益投資級金融債,33.6,+0.03,+0.09,05/14,0,0,0,0,0,0,0,0,-0.02,-0.06,,0
190,00725B,國泰投資級公司債,34.89,+0.04,+0.11,05/14,0,0,0,0,0,0,0,0,0,0,,0
191,00726B,國泰新興投等債,32.7,-0.01,-0.03,05/14,0,0,0,0,0,0,0,0,0,0,,0
192,00727B,國泰優選非投等債,39.16,-0.04,-0.1,05/14,0,0,0,0,0,0,0,0,0,0,,0
193,00728,第一金工業30,58.45,+0.55,+0.95,05/14,0,0,0,0,0,0,0,0,0,0,,0
194,00730,富邦臺灣優質高息,26.85,+0.21,+0.79,05/14,0,-0.13,-0.13,-0.13,-0.13,+0.09,+0.09,+0.62,+0.62,-0.97,,+0.62
195,00731,復華富時高息低波,74.95,+0.25,+0.33,05/14,0,0,0,0,0,0,0,+0.04,+0.74,+0.74,,0
196,00733,富邦臺灣中小,69.05,+0.65,+0.95,05/14,0,0,0,0,0,0,0,0,0,-0.07,,0
197,00734B,台新JPM新興債,15.67,-0.05,-0.32,05/14,0,0,0,0,0,0,0,0,0,0,,0
198,00735,國泰臺韓科技,100.05,0,0,05/14,0,0,0,0,0,0,0,0,0,0,,0
199,00736,國泰新興市場,30.52,+0.12,+0.39,05/14,0,0,0,0,0,0,0,0,0,0,,0
200,00737,國泰AI機器人,36.93,-0.03,-0.08,05/14,0,0,0,0,0,0,0,0,0,0,,0
201,00738U,期元大道瓊白銀,70.35,+0.6,+0.86,05/14,0,0,0,0,0,0,0,0,0,0,,0
202,00739,元大MSCI A股,29.46,-0.1,-0.34,05/14,0,0,0,0,0,0,0,0,0,0,,0
203,00740B,富邦全球投等債,38.59,+0.05,+0.13,05/14,0,-0.01,-0.02,-0.02,-0.02,-0.02,-0.02,+0.01,+0.01,+0.01,,+0.01
204,00741B,富邦全球非投等債,37.31,+0.04,+0.11,05/14,0,0,0,0,0,0,0,0,0,0,,0
205,00746B,富邦A級公司債,35.37,+0.03,+0.08,05/14,0,0,0,0,0,0,0,0,0,0,,0
206,00749B,凱基新興債10+,31.51,-0.04,-0.13,05/14,0,0,0,0,0,0,0,0,0,0,,0
207,00750B,凱基科技債10+,32.85,0,0,05/14,0,0,0,0,0,0,0,0,0,0,,0
208,00751B,元大AAA至A公司債,31.55,+0.04,+0.13,05/14,0,0,0,0,0,0,0,0,0,+0.21,,-0.03
209,00752,中信中國50,24.56,+0.31,+1.28,05/14,0,0,0,0,0,0,0,0,-0.98,+8.09,,0
210,00753L,中信中國50正2,10.95,+0.08,+0.74,05/14,0,0,0,0,0,0,0,0,0,0,,0
211,00754B,群益AAA-AA公司債,33.49,+0.03,+0.09,05/14,0,0,0,0,0,0,0,0,-0.04,-0.04,,0
212,00756B,群益投等新興公債,31.53,-0.12,-0.38,05/14,0,0,0,0,0,0,0,0,0,0,,0
213,00757,統一FANG+,129.05,+0.85,+0.66,05/14,0,0,0,0,0,0,-0.17,-1.4,-1.71,+0.09,,-0.69
214,00758B,復華能源債,51.65,-0.05,-0.1,05/14,0,0,0,0,0,0,0,0,0,0,,0
215,00759B,復華製藥債,54.6,0,0,05/14,0,0,0,0,0,0,0,0,0,0,,0
216,00760B,復華新興企業債,54,-0.15,-0.28,05/14,0,0,0,0,0,0,0,0,0,0,,0
217,00761B,國泰A級公司債,34.55,+0.04,+0.12,05/14,0,0,0,0,0,0,0,-0.06,0,0,,0
218,00762,元大全球AI,110.1,-0.25,-0.23,05/14,0,0,0,0,0,0,0,0,-2.54,0,,-0.31
219,00763U,期街口道瓊銅,35.24,-0.43,-1.21,05/14,0,0,0,0,0,0,0,0,0,0,,0
220,00764B,群益25年美債,27.61,-0.03,-0.11,05/14,0,0,0,0,0,0,0,0,0,0,,0
221,00768B,復華20年美債,50.25,-0.05,-0.1,05/14,0,0,0,0,0,0,0,0,0,0,,0
222,00770,國泰北美科技,64.7,+0.75,+1.17,05/14,0,0,0,0,0,0,0,0,0,0,,0
223,00771,元大US高息特別股,16.12,-0.01,-0.06,05/14,0,0,0,0,0,0,0,0,0,0,,0
224,00772B,中信高評級公司債,33.59,0,0,05/14,0,0,0,0,0,0,0,0,0,+0.02,,0
225,00773B,中信優先金融債,35.82,+0.02,+0.06,05/14,0,0,0,0,0,0,0,0,0,-0.06,,0
226,00775B,新光投等債15+,32.3,0,0,05/14,0,0,0,0,0,0,0,0,0,0,,0
227,00777B,凱基AAA至A公司債,32.51,+0.01,+0.03,05/14,0,0,0,0,0,0,0,0,0,0,,0
228,00778B,凱基金融債20+,34.37,-0.03,-0.09,05/14,0,0,0,0,0,0,0,0,0,0,,0
229,00779B,凱基美債25+,27.97,-0.02,-0.07,05/14,0,0,0,0,0,0,0,0,0,0,,0
230,00780B,國泰A級金融債,37.48,+0.04,+0.11,05/14,0,0,0,0,0,0,0,0,0,0,,0
231,00781B,國泰A級科技債,28.45,+0.01,+0.04,05/14,0,0,0,0,0,0,0,0,0,0,,0
232,00782B,國泰A級公用債,30.19,0,0,05/14,0,0,0,0,0,0,0,0,0,0,,0
233,00783,富邦中証500,30.69,-0.38,-1.22,05/14,0,0,0,0,0,0,0,0,0,0,,0
234,00785B,富邦金融投等債,34.79,+0.08,+0.23,05/14,0,0,0,0,0,0,0,0,0,0,,0
235,00786B,元大10年IG銀行債,32.81,+0.07,+0.21,05/14,0,0,0,0,0,0,0,0,0,0,,0
236,00787B,元大10年IG醫療債,32.4,+0.03,+0.09,05/14,0,0,0,0,0,0,0,0,0,0,,0
237,00788B,元大10年IG電能債,29.66,-0.01,-0.03,05/14,0,0,0,0,0,0,0,0,0,0,,0
238,00789B,復華公司債A3,47.96,+0.04,+0.08,05/14,0,0,0,0,0,0,0,0,0,0,,0
239,00791B,復華信用債1-5,56.4,0,0,05/14,0,0,0,0,0,0,0,+0.1,+0.1,+0.1,,+0.1
240,00792B,群益A級公司債,31.68,+0.03,+0.09,05/14,0,0,0,0,0,0,0,0,0,0,,0
241,00793B,群益AAA-A醫療債,30.61,-0.01,-0.03,05/14,0,0,0,0,0,0,0,0,-9.93,-9.93,,0
242,00799B,國泰A級醫療債,29.74,+0.01,+0.03,05/14,0,0,0,0,0,0,0,0,0,0,,0
243,00830,國泰費城半導體,84.3,+0.85,+1.02,05/14,0,0,0,0,0,0,0,-0.01,0,0,,0
244,00834B,第一金金融債10+,33.96,0,0,05/14,0,0,0,0,0,0,0,0,0,0,,0
245,00836B,永豐10年A公司債,28.76,-0.01,-0.03,05/14,0,0,0,0,0,0,0,0,0,+0.17,,0
246,00840B,凱基IG精選15+,29.89,+0.03,+0.1,05/14,0,0,0,0,0,0,0,0,0,0,,0
247,00841B,凱基AAA-AA公司債,28.96,-0.01,-0.03,05/14,0,0,0,0,0,0,0,0,0,0,,0
248,00842B,台新美元銀行債,30.33,-0.02,-0.07,05/14,0,0,0,0,0,0,0,0,0,0,,0
249,00844B,新光15年IG金融債,31.76,+0.05,+0.16,05/14,0,0,0,0,0,0,0,0,0,0,,0
250,00845B,富邦新興投等債,33.43,0,0,05/14,0,0,0,0,0,0,0,0,0,0,,0
251,00846B,富邦歐洲銀行債,36.07,+0.01,+0.03,05/14,0,0,0,0,0,0,0,0,0,0,,0
252,00847B,中信美國市政債,25.6,-0.04,-0.16,05/14,0,0,0,0,0,0,0,0,0,0,,0
253,00848B,中信新興亞洲債,34.18,-0.05,-0.15,05/14,0,0,0,0,0,0,0,0,0,0,,0
254,00849B,中信EM主權債0-5,37.09,-0.01,-0.03,05/14,0,0,0,0,0,0,0,0,0,0,,0
255,00850,元大臺灣ESG永續,81.85,-0.1,-0.12,05/14,0,0,0,-0.01,-0.01,-0.1,-0.1,-0.23,-0.68,+0.31,,-0.25
256,00851,台新全球AI,64.4,+0.25,+0.39,05/14,0,0,0,0,0,0,0,0,0,0,,0
257,00852L,國泰美國道瓊正2,31.65,+0.05,+0.16,05/14,0,0,0,0,0,0,0,0,0,0,,0
258,00853B,統一美債10年Aa-A,27.65,+0.02,+0.07,05/14,0,0,0,0,0,0,0,0,0,0,,0
259,00856B,永豐1-3年美公債,37.56,-0.06,-0.16,05/14,0,0,0,0,0,0,0,0,0,0,,0
260,00857B,永豐20年美公債,22.99,-0.04,-0.17,05/14,0,0,0,0,0,0,0,0,0,0,,0
261,00858,永豐美國500大,35.83,+0.16,+0.45,05/14,0,0,0,0,0,0,0,0,0,0,,0
262,00859B,群益0-1年美債,40.96,+0.02,+0.05,05/14,0,0,0,0,-1.82,-1.82,-1.82,-1.82,-1.82,-1.82,,-1.82
263,00860B,群益1-5Y投資級債,38.11,-0.01,-0.03,05/14,0,0,0,0,0,0,0,0,-7.88,-7.88,,0
264,00861,元大全球未來通訊,85.4,+1.95,+2.34,05/14,0,0,0,0,0,0,0,0,0,0,,0
265,00862B,中信投資級公司債,31.69,+0.03,+0.09,05/14,0,0,0,0,0,0,0,0,0,0,,0
266,00863B,中信全球電信債,32.05,+0.02,+0.06,05/14,0,0,0,0,0,0,0,0,0,0,,0
267,00864B,中信美國公債0-1,46.34,+0.02,+0.04,05/14,0,0,0,0,0,0,0,-0.53,-1.71,+0.55,,-1.02
268,00865B,國泰US短期公債,47.93,+0.02,+0.04,05/14,0,0,0,0,0,0,0,0,0,0,,0
269,00867B,新光A-BBB電信債,31.31,+0.03,+0.1,05/14,0,0,0,0,0,0,0,0,0,0,,0
270,00870B,元大15年EM主權債,28.19,-0.1,-0.35,05/14,0,0,0,0,0,0,0,0,0,0,,0
271,00875,國泰網路資安,42.9,+0.07,+0.16,05/14,0,0,0,0,0,0,0,0,0,0,,0
272,00876,元大全球5G,85.5,+0.6,+0.71,05/14,0,0,0,0,0,0,0,0,-0.57,0,,0
273,00877,復華中國5G,40.31,-0.03,-0.07,05/14,0,0,0,0,0,0,0,0,0,0,,0
274,00878,國泰永續高股息,28.12,+0.17,+0.61,05/14,0,0,0,0,0,+0.03,+0.02,+0.01,+0.05,+0.15,,+0.02
275,00881,國泰台灣科技龍頭,50.2,+0.15,+0.3,05/14,0,-0.02,-0.02,-0.02,+0.02,+0.01,-0.08,-0.18,-0.05,-0.28,,-0.37
276,00882,中信中國高股息,16.27,-0.01,-0.06,05/14,0,0,0,0,0,0,0,0,-0.02,0,,0
277,00884B,中信低碳新興債,29.58,-0.04,-0.14,05/14,0,0,0,0,0,0,0,0,0,0,,0
278,00885,富邦越南,19.35,+0.14,+0.73,05/14,0,0,0,0,0,0,0,0,0,-0.09,,0
279,00886,永豐美國科技,42.75,+0.31,+0.73,05/14,0,0,0,0,0,0,0,0,0,0,,0
280,00887,永豐中國科技50大,16.62,+0.03,+0.18,05/14,0,0,0,0,0,0,0,0,0,0,,0
281,00888,永豐台灣ESG,31.12,+0.81,+2.67,05/14,0,0,0,0,0,0,0,0,0,0,,0
282,00890B,凱基ESGBBB債15+,32.2,-0.01,-0.03,05/14,0,0,0,0,0,0,0,0,0,0,,0
283,00891,中信關鍵半導體,34.71,+0.46,+1.34,05/14,0,0,0,0,0,-0.02,+0.05,+0.05,+0.05,+0.05,,+0.05
284,00892,富邦台灣半導體,42.95,+0.49,+1.15,05/14,0,0,0,0,-0.05,+0.03,+0.61,+0.61,+0.61,+0.61,,+0.61
285,00893,國泰智能電動車,45.77,+0.57,+1.26,05/14,0,0,0,0,0,0,0,0,-0.05,0,,0
286,00894,中信小資高價30,47.81,+0.18,+0.38,05/14,0,0,0,0,0,0,0,0,0,0,,0
287,00895,富邦未來車,50.55,+0.84,+1.69,05/14,0,0,0,0,0,0,0,0,-0.19,0,,0
288,00896,中信綠能及電動車,26.51,-0.17,-0.64,05/14,0,0,0,0,0,0,0,0,0,0,,0
289,00897,富邦基因免疫生技,9.8,-0.11,-1.11,05/14,0,0,0,0,0,0,0,0,0,0,,0
290,00898,國泰基因免疫革命,8.13,-0.01,-0.12,05/14,0,0,0,0,0,0,0,0,0,0,,0
291,00899,FT潔淨能源,27.44,+0.42,+1.55,05/14,0,0,0,0,0,0,0,0,0,0,,0
292,00900,富邦特選高股息30,17.07,+0.07,+0.41,05/14,0,0,0,0,0,+0.3,+0.46,+0.46,+0.69,+1.74,,+0.39
293,00901,永豐智能車供應鏈,41.89,+0.25,+0.6,05/14,0,0,0,0,0,0,0,0,0,+0.32,,0
294,00902,中信電池及儲能,16.96,-0.03,-0.18,05/14,0,0,0,0,0,0,0,0,0,0,,0
295,00903,富邦元宇宙,21.73,+0.41,+1.92,05/14,0,0,0,0,0,0,0,0,0,+0.37,,0
296,00904,新光臺灣半導體30,39.23,+0.61,+1.58,05/14,0,0,0,0,0,0,0,+0.27,+0.27,+0.58,,0
297,00905,FT臺灣Smart,24.82,+0.02,+0.08,05/14,0,0,0,0,0,0,0,0,0,0,,0
298,00907,永豐優息存股,14.76,-0.05,-0.34,05/14,0,0,0,0,0,0,0,0,0,0,,0
299,00908,富邦入息REITs+,14.21,-0.03,-0.21,05/14,0,0,0,0,0,0,0,0,0,0,,0
300,00909,國泰數位支付服務,48.62,-0.4,-0.82,05/14,0,0,0,0,0,0,0,0,0,0,,0
